,RF_prediction
0,10064.653333333334
1,10064.653333333334
2,14238.734333333332
3,10036.2055
4,14904.571000000002
5,10593.677083333336
6,19066.37669047619
7,19065.200440476186
8,20089.93391666667
9,18209.912916666668
10,10192.281333333332
11,10083.804583333334
12,12881.16633333333
13,13372.757833333331
14,14785.856833333335
15,35340.55186904761
16,35273.82336904761
17,38000.54148214285
18,5409.620523809525
19,5468.77425
20,5760.769333333331
21,5485.805166666667
22,5885.358226190478
23,8287.052238095237
24,6288.121773809524
25,6443.428488095238
26,6443.428488095238
27,8358.109749999998
28,9085.228789682536
29,13682.147785714285
30,5625.295892857144
31,6030.349250000002
32,5644.532666666669
33,6434.66913095238
34,6482.332642857143
35,7295.804480158729
36,6898.790738095238
37,8329.97188095238
38,8389.11663095238
39,8869.567952380952
40,8933.99686904762
41,10334.460916666665
42,9095.010869047619
43,8388.989345238095
44,5486.58175
45,5652.892083333332
46,12610.371041666669
47,37976.545374999994
48,37976.545374999994
49,36622.34036309523
50,6065.550726190476
51,5910.56430952381
52,6097.403642857143
53,6787.684476190476
54,6797.989476190477
55,10071.91882142857
56,10071.91882142857
57,10074.70382142857
58,10387.632654761903
59,8859.972916666666
60,9123.304
61,8859.972916666666
62,9123.304
63,9420.694916666667
64,9111.372333333333
65,12471.16275
66,12446.956583333334
67,28388.208291666662
68,28684.02429166667
69,25083.015512904763
70,28329.86467857143
71,32314.776547619047
72,27971.406288214283
73,34693.90244047619
74,36002.62017940476
75,19504.06774613095
76,6163.433571428571
77,6434.318988095237
78,6544.510380952379
79,8723.168821428571
80,11673.238845238095
81,9562.520083333335
82,15648.723374773806
83,15893.15053185714
84,15965.337531857142
85,9473.921666666667
86,9482.184583333332
87,12054.57326357143
88,12026.624928571428
89,6767.860833333334
90,7086.240083333335
91,6872.8730000000005
92,6973.946250000001
93,7033.002750000003
94,6966.807166666669
95,6580.267654761906
96,7109.273750000002
97,7029.647750000004
98,6850.036333333336
99,9341.87736904762
100,9286.079702380955
101,21093.222358273808
102,24111.320269940476
103,20837.450094702377
104,20310.649386250003
105,22665.534287773804
106,20521.484768869046
107,17579.94678
108,18896.836297619044
109,23088.87766666667
110,23736.150345238093
111,18552.934458571424
112,19378.944630952377
113,23497.536833333335
114,23723.275345238093
115,18614.589458571423
116,19378.944630952377
117,20463.931699654757
118,6074.287071428571
119,8634.759238095237
120,6516.127333333333
121,7127.526750000003
122,7664.156250000001
123,9896.169333333333
124,15722.826987273806
125,15187.31411833333
126,21283.368968809522
127,21283.368968809522
128,21397.568968809523
129,29226.93557678572
130,12755.025261904762
131,12224.358333333337
132,14618.91366666667
133,15318.401642857145
134,15325.380794749997
135,15535.487476190478
136,17108.50018885714
137,16796.525195797618
138,7737.946333333333
139,7892.030583333336
140,8134.574333333334
141,8708.49706547619
142,8943.409482142857
143,10111.944559523808
144,11647.930535714286
145,14127.780488095239
146,9854.782803571428
147,11209.263035714284
148,12216.684285714286
149,14729.721613333326
150,7099.28025
151,7508.273833333335
152,7275.701999999999
153,8458.381916666667
154,8662.4765
155,12957.765001833332
156,7834.71443452381
157,7791.9666488095245
158,8554.790535714286
159,8482.121833333333
160,7849.951101190477
161,7783.644982142857
162,7829.260351190476
163,8036.630571428571
164,7960.032452380951
165,10591.98898809524
166,10656.379953047624
167,12609.359595238097
168,12609.359595238097
169,13180.734619047618
170,13945.403702380956
171,14566.776023809523
172,14718.469607142857
173,10313.423654761904
174,11386.887666666666
175,10813.333464285715
176,10640.155904761905
177,11013.360047619048
178,18578.135919238088
179,18756.157865071422
180,18283.326255833337
181,18218.864827928574
182,8456.07192857143
183,8628.821011904762
184,8904.3575
185,8582.029428571428
186,9359.213250000003
187,9258.453333333335
188,10492.265964285718
189,9384.820834000002
190,9336.27638161905
191,16029.624068303574
192,12404.567322261904
193,12350.222961428568
194,17752.680504499996
195,17711.01936533333
196,17729.746337499997
197,17717.60769833333
198,17111.73008441666
199,17194.125223749994
200,18161.799979666663
201,17851.62238708333
202,18827.3258105
203,17393.952464583333
204,18298.316398
